hazard,epoch,rcp,gcm,return_period,path
coastal,2010,historical,na,2,aqueduct_flood/inuncoast_historical_wtsub_hist_rp0002_0__KEN.tif
coastal,2010,historical,na,5,aqueduct_flood/inuncoast_historical_wtsub_hist_rp0005_0__KEN.tif
coastal,2010,historical,na,10,aqueduct_flood/inuncoast_historical_wtsub_hist_rp0010_0__KEN.tif
coastal,2010,historical,na,25,aqueduct_flood/inuncoast_historical_wtsub_hist_rp0025_0__KEN.tif
coastal,2010,historical,na,50,aqueduct_flood/inuncoast_historical_wtsub_hist_rp0050_0__KEN.tif
coastal,2010,historical,na,100,aqueduct_flood/inuncoast_historical_wtsub_hist_rp0100_0__KEN.tif
coastal,2010,historical,na,250,aqueduct_flood/inuncoast_historical_wtsub_hist_rp0250_0__KEN.tif
coastal,2010,historical,na,500,aqueduct_flood/inuncoast_historical_wtsub_hist_rp0500_0__KEN.tif
coastal,2010,historical,na,1000,aqueduct_flood/inuncoast_historical_wtsub_hist_rp1000_0__KEN.tif
coastal,2030,4.5,na,2,aqueduct_flood/inuncoast_rcp4p5_wtsub_2030_rp0002_0__KEN.tif
coastal,2030,4.5,na,5,aqueduct_flood/inuncoast_rcp4p5_wtsub_2030_rp0005_0__KEN.tif
coastal,2030,4.5,na,10,aqueduct_flood/inuncoast_rcp4p5_wtsub_2030_rp0010_0__KEN.tif
coastal,2030,4.5,na,25,aqueduct_flood/inuncoast_rcp4p5_wtsub_2030_rp0025_0__KEN.tif
coastal,2030,4.5,na,50,aqueduct_flood/inuncoast_rcp4p5_wtsub_2030_rp0050_0__KEN.tif
coastal,2030,4.5,na,100,aqueduct_flood/inuncoast_rcp4p5_wtsub_2030_rp0100_0__KEN.tif
coastal,2030,4.5,na,250,aqueduct_flood/inuncoast_rcp4p5_wtsub_2030_rp0250_0__KEN.tif
coastal,2030,4.5,na,500,aqueduct_flood/inuncoast_rcp4p5_wtsub_2030_rp0500_0__KEN.tif
coastal,2030,4.5,na,1000,aqueduct_flood/inuncoast_rcp4p5_wtsub_2030_rp1000_0__KEN.tif
coastal,2030,8.5,na,2,aqueduct_flood/inuncoast_rcp8p5_wtsub_2030_rp0002_0__KEN.tif
coastal,2030,8.5,na,5,aqueduct_flood/inuncoast_rcp8p5_wtsub_2030_rp0005_0__KEN.tif
coastal,2030,8.5,na,10,aqueduct_flood/inuncoast_rcp8p5_wtsub_2030_rp0010_0__KEN.tif
coastal,2030,8.5,na,25,aqueduct_flood/inuncoast_rcp8p5_wtsub_2030_rp0025_0__KEN.tif
coastal,2030,8.5,na,50,aqueduct_flood/inuncoast_rcp8p5_wtsub_2030_rp0050_0__KEN.tif
coastal,2030,8.5,na,100,aqueduct_flood/inuncoast_rcp8p5_wtsub_2030_rp0100_0__KEN.tif
coastal,2030,8.5,na,250,aqueduct_flood/inuncoast_rcp8p5_wtsub_2030_rp0250_0__KEN.tif
coastal,2030,8.5,na,500,aqueduct_flood/inuncoast_rcp8p5_wtsub_2030_rp0500_0__KEN.tif
coastal,2030,8.5,na,1000,aqueduct_flood/inuncoast_rcp8p5_wtsub_2030_rp1000_0__KEN.tif
coastal,2030,historical,na,2,aqueduct_flood/inuncoast_historical_wtsub_2030_rp0002_0__KEN.tif
coastal,2030,historical,na,5,aqueduct_flood/inuncoast_historical_wtsub_2030_rp0005_0__KEN.tif
coastal,2030,historical,na,10,aqueduct_flood/inuncoast_historical_wtsub_2030_rp0010_0__KEN.tif
coastal,2030,historical,na,25,aqueduct_flood/inuncoast_historical_wtsub_2030_rp0025_0__KEN.tif
coastal,2030,historical,na,50,aqueduct_flood/inuncoast_historical_wtsub_2030_rp0050_0__KEN.tif
coastal,2030,historical,na,100,aqueduct_flood/inuncoast_historical_wtsub_2030_rp0100_0__KEN.tif
coastal,2030,historical,na,250,aqueduct_flood/inuncoast_historical_wtsub_2030_rp0250_0__KEN.tif
coastal,2030,historical,na,500,aqueduct_flood/inuncoast_historical_wtsub_2030_rp0500_0__KEN.tif
coastal,2030,historical,na,1000,aqueduct_flood/inuncoast_historical_wtsub_2030_rp1000_0__KEN.tif
coastal,2050,4.5,na,2,aqueduct_flood/inuncoast_rcp4p5_wtsub_2050_rp0002_0__KEN.tif
coastal,2050,4.5,na,5,aqueduct_flood/inuncoast_rcp4p5_wtsub_2050_rp0005_0__KEN.tif
coastal,2050,4.5,na,10,aqueduct_flood/inuncoast_rcp4p5_wtsub_2050_rp0010_0__KEN.tif
coastal,2050,4.5,na,25,aqueduct_flood/inuncoast_rcp4p5_wtsub_2050_rp0025_0__KEN.tif
coastal,2050,4.5,na,50,aqueduct_flood/inuncoast_rcp4p5_wtsub_2050_rp0050_0__KEN.tif
coastal,2050,4.5,na,100,aqueduct_flood/inuncoast_rcp4p5_wtsub_2050_rp0100_0__KEN.tif
coastal,2050,4.5,na,250,aqueduct_flood/inuncoast_rcp4p5_wtsub_2050_rp0250_0__KEN.tif
coastal,2050,4.5,na,500,aqueduct_flood/inuncoast_rcp4p5_wtsub_2050_rp0500_0__KEN.tif
coastal,2050,4.5,na,1000,aqueduct_flood/inuncoast_rcp4p5_wtsub_2050_rp1000_0__KEN.tif
coastal,2050,8.5,na,2,aqueduct_flood/inuncoast_rcp8p5_wtsub_2050_rp0002_0__KEN.tif
coastal,2050,8.5,na,5,aqueduct_flood/inuncoast_rcp8p5_wtsub_2050_rp0005_0__KEN.tif
coastal,2050,8.5,na,10,aqueduct_flood/inuncoast_rcp8p5_wtsub_2050_rp0010_0__KEN.tif
coastal,2050,8.5,na,25,aqueduct_flood/inuncoast_rcp8p5_wtsub_2050_rp0025_0__KEN.tif
coastal,2050,8.5,na,50,aqueduct_flood/inuncoast_rcp8p5_wtsub_2050_rp0050_0__KEN.tif
coastal,2050,8.5,na,100,aqueduct_flood/inuncoast_rcp8p5_wtsub_2050_rp0100_0__KEN.tif
coastal,2050,8.5,na,250,aqueduct_flood/inuncoast_rcp8p5_wtsub_2050_rp0250_0__KEN.tif
coastal,2050,8.5,na,500,aqueduct_flood/inuncoast_rcp8p5_wtsub_2050_rp0500_0__KEN.tif
coastal,2050,8.5,na,1000,aqueduct_flood/inuncoast_rcp8p5_wtsub_2050_rp1000_0__KEN.tif
coastal,2050,historical,na,2,aqueduct_flood/inuncoast_historical_wtsub_2050_rp0002_0__KEN.tif
coastal,2050,historical,na,5,aqueduct_flood/inuncoast_historical_wtsub_2050_rp0005_0__KEN.tif
coastal,2050,historical,na,10,aqueduct_flood/inuncoast_historical_wtsub_2050_rp0010_0__KEN.tif
coastal,2050,historical,na,25,aqueduct_flood/inuncoast_historical_wtsub_2050_rp0025_0__KEN.tif
coastal,2050,historical,na,50,aqueduct_flood/inuncoast_historical_wtsub_2050_rp0050_0__KEN.tif
coastal,2050,historical,na,100,aqueduct_flood/inuncoast_historical_wtsub_2050_rp0100_0__KEN.tif
coastal,2050,historical,na,250,aqueduct_flood/inuncoast_historical_wtsub_2050_rp0250_0__KEN.tif
coastal,2050,historical,na,500,aqueduct_flood/inuncoast_historical_wtsub_2050_rp0500_0__KEN.tif
coastal,2050,historical,na,1000,aqueduct_flood/inuncoast_historical_wtsub_2050_rp1000_0__KEN.tif
coastal,2080,4.5,na,2,aqueduct_flood/inuncoast_rcp4p5_wtsub_2080_rp0002_0__KEN.tif
coastal,2080,4.5,na,5,aqueduct_flood/inuncoast_rcp4p5_wtsub_2080_rp0005_0__KEN.tif
coastal,2080,4.5,na,10,aqueduct_flood/inuncoast_rcp4p5_wtsub_2080_rp0010_0__KEN.tif
coastal,2080,4.5,na,25,aqueduct_flood/inuncoast_rcp4p5_wtsub_2080_rp0025_0__KEN.tif
coastal,2080,4.5,na,50,aqueduct_flood/inuncoast_rcp4p5_wtsub_2080_rp0050_0__KEN.tif
coastal,2080,4.5,na,100,aqueduct_flood/inuncoast_rcp4p5_wtsub_2080_rp0100_0__KEN.tif
coastal,2080,4.5,na,250,aqueduct_flood/inuncoast_rcp4p5_wtsub_2080_rp0250_0__KEN.tif
coastal,2080,4.5,na,500,aqueduct_flood/inuncoast_rcp4p5_wtsub_2080_rp0500_0__KEN.tif
coastal,2080,4.5,na,1000,aqueduct_flood/inuncoast_rcp4p5_wtsub_2080_rp1000_0__KEN.tif
coastal,2080,8.5,na,2,aqueduct_flood/inuncoast_rcp8p5_wtsub_2080_rp0002_0__KEN.tif
coastal,2080,8.5,na,5,aqueduct_flood/inuncoast_rcp8p5_wtsub_2080_rp0005_0__KEN.tif
coastal,2080,8.5,na,10,aqueduct_flood/inuncoast_rcp8p5_wtsub_2080_rp0010_0__KEN.tif
coastal,2080,8.5,na,25,aqueduct_flood/inuncoast_rcp8p5_wtsub_2080_rp0025_0__KEN.tif
coastal,2080,8.5,na,50,aqueduct_flood/inuncoast_rcp8p5_wtsub_2080_rp0050_0__KEN.tif
coastal,2080,8.5,na,100,aqueduct_flood/inuncoast_rcp8p5_wtsub_2080_rp0100_0__KEN.tif
coastal,2080,8.5,na,250,aqueduct_flood/inuncoast_rcp8p5_wtsub_2080_rp0250_0__KEN.tif
coastal,2080,8.5,na,500,aqueduct_flood/inuncoast_rcp8p5_wtsub_2080_rp0500_0__KEN.tif
coastal,2080,8.5,na,1000,aqueduct_flood/inuncoast_rcp8p5_wtsub_2080_rp1000_0__KEN.tif
coastal,2080,historical,na,2,aqueduct_flood/inuncoast_historical_wtsub_2080_rp0002_0__KEN.tif
coastal,2080,historical,na,5,aqueduct_flood/inuncoast_historical_wtsub_2080_rp0005_0__KEN.tif
coastal,2080,historical,na,10,aqueduct_flood/inuncoast_historical_wtsub_2080_rp0010_0__KEN.tif
coastal,2080,historical,na,25,aqueduct_flood/inuncoast_historical_wtsub_2080_rp0025_0__KEN.tif
coastal,2080,historical,na,50,aqueduct_flood/inuncoast_historical_wtsub_2080_rp0050_0__KEN.tif
coastal,2080,historical,na,100,aqueduct_flood/inuncoast_historical_wtsub_2080_rp0100_0__KEN.tif
coastal,2080,historical,na,250,aqueduct_flood/inuncoast_historical_wtsub_2080_rp0250_0__KEN.tif
coastal,2080,historical,na,500,aqueduct_flood/inuncoast_historical_wtsub_2080_rp0500_0__KEN.tif
coastal,2080,historical,na,1000,aqueduct_flood/inuncoast_historical_wtsub_2080_rp1000_0__KEN.tif
fluvial,2010,historical,WATCH,2,aqueduct_flood/inunriver_historical_000000000WATCH_1980_rp00002__KEN.tif
fluvial,2010,historical,WATCH,5,aqueduct_flood/inunriver_historical_000000000WATCH_1980_rp00005__KEN.tif
fluvial,2010,historical,WATCH,10,aqueduct_flood/inunriver_historical_000000000WATCH_1980_rp00010__KEN.tif
fluvial,2010,historical,WATCH,25,aqueduct_flood/inunriver_historical_000000000WATCH_1980_rp00025__KEN.tif
fluvial,2010,historical,WATCH,50,aqueduct_flood/inunriver_historical_000000000WATCH_1980_rp00050__KEN.tif
fluvial,2010,historical,WATCH,100,aqueduct_flood/inunriver_historical_000000000WATCH_1980_rp00100__KEN.tif
fluvial,2010,historical,WATCH,250,aqueduct_flood/inunriver_historical_000000000WATCH_1980_rp00250__KEN.tif
fluvial,2010,historical,WATCH,500,aqueduct_flood/inunriver_historical_000000000WATCH_1980_rp00500__KEN.tif
fluvial,2010,historical,WATCH,1000,aqueduct_flood/inunriver_historical_000000000WATCH_1980_rp01000__KEN.tif
fluvial,2030,4.5,GFDL-ESM2M,2,aqueduct_flood/inunriver_rcp4p5_0000GFDL-ESM2M_2030_rp00002__KEN.tif
fluvial,2030,4.5,GFDL-ESM2M,5,aqueduct_flood/inunriver_rcp4p5_0000GFDL-ESM2M_2030_rp00005__KEN.tif
fluvial,2030,4.5,GFDL-ESM2M,10,aqueduct_flood/inunriver_rcp4p5_0000GFDL-ESM2M_2030_rp00010__KEN.tif
fluvial,2030,4.5,GFDL-ESM2M,25,aqueduct_flood/inunriver_rcp4p5_0000GFDL-ESM2M_2030_rp00025__KEN.tif
fluvial,2030,4.5,GFDL-ESM2M,50,aqueduct_flood/inunriver_rcp4p5_0000GFDL-ESM2M_2030_rp00050__KEN.tif
fluvial,2030,4.5,GFDL-ESM2M,100,aqueduct_flood/inunriver_rcp4p5_0000GFDL-ESM2M_2030_rp00100__KEN.tif
fluvial,2030,4.5,GFDL-ESM2M,250,aqueduct_flood/inunriver_rcp4p5_0000GFDL-ESM2M_2030_rp00250__KEN.tif
fluvial,2030,4.5,GFDL-ESM2M,500,aqueduct_flood/inunriver_rcp4p5_0000GFDL-ESM2M_2030_rp00500__KEN.tif
fluvial,2030,4.5,GFDL-ESM2M,1000,aqueduct_flood/inunriver_rcp4p5_0000GFDL-ESM2M_2030_rp01000__KEN.tif
fluvial,2030,4.5,HadGEM2-ES,2,aqueduct_flood/inunriver_rcp4p5_0000HadGEM2-ES_2030_rp00002__KEN.tif
fluvial,2030,4.5,HadGEM2-ES,5,aqueduct_flood/inunriver_rcp4p5_0000HadGEM2-ES_2030_rp00005__KEN.tif
fluvial,2030,4.5,HadGEM2-ES,10,aqueduct_flood/inunriver_rcp4p5_0000HadGEM2-ES_2030_rp00010__KEN.tif
fluvial,2030,4.5,HadGEM2-ES,25,aqueduct_flood/inunriver_rcp4p5_0000HadGEM2-ES_2030_rp00025__KEN.tif
fluvial,2030,4.5,HadGEM2-ES,50,aqueduct_flood/inunriver_rcp4p5_0000HadGEM2-ES_2030_rp00050__KEN.tif
fluvial,2030,4.5,HadGEM2-ES,100,aqueduct_flood/inunriver_rcp4p5_0000HadGEM2-ES_2030_rp00100__KEN.tif
fluvial,2030,4.5,HadGEM2-ES,250,aqueduct_flood/inunriver_rcp4p5_0000HadGEM2-ES_2030_rp00250__KEN.tif
fluvial,2030,4.5,HadGEM2-ES,500,aqueduct_flood/inunriver_rcp4p5_0000HadGEM2-ES_2030_rp00500__KEN.tif
fluvial,2030,4.5,HadGEM2-ES,1000,aqueduct_flood/inunriver_rcp4p5_0000HadGEM2-ES_2030_rp01000__KEN.tif
fluvial,2030,4.5,IPSL-CM5A-LR,2,aqueduct_flood/inunriver_rcp4p5_00IPSL-CM5A-LR_2030_rp00002__KEN.tif
fluvial,2030,4.5,IPSL-CM5A-LR,5,aqueduct_flood/inunriver_rcp4p5_00IPSL-CM5A-LR_2030_rp00005__KEN.tif
fluvial,2030,4.5,IPSL-CM5A-LR,10,aqueduct_flood/inunriver_rcp4p5_00IPSL-CM5A-LR_2030_rp00010__KEN.tif
fluvial,2030,4.5,IPSL-CM5A-LR,25,aqueduct_flood/inunriver_rcp4p5_00IPSL-CM5A-LR_2030_rp00025__KEN.tif
fluvial,2030,4.5,IPSL-CM5A-LR,50,aqueduct_flood/inunriver_rcp4p5_00IPSL-CM5A-LR_2030_rp00050__KEN.tif
fluvial,2030,4.5,IPSL-CM5A-LR,100,aqueduct_flood/inunriver_rcp4p5_00IPSL-CM5A-LR_2030_rp00100__KEN.tif
fluvial,2030,4.5,IPSL-CM5A-LR,250,aqueduct_flood/inunriver_rcp4p5_00IPSL-CM5A-LR_2030_rp00250__KEN.tif
fluvial,2030,4.5,IPSL-CM5A-LR,500,aqueduct_flood/inunriver_rcp4p5_00IPSL-CM5A-LR_2030_rp00500__KEN.tif
fluvial,2030,4.5,IPSL-CM5A-LR,1000,aqueduct_flood/inunriver_rcp4p5_00IPSL-CM5A-LR_2030_rp01000__KEN.tif
fluvial,2030,4.5,MIROC-ESM-CHEM,2,aqueduct_flood/inunriver_rcp4p5_MIROC-ESM-CHEM_2030_rp00002__KEN.tif
fluvial,2030,4.5,MIROC-ESM-CHEM,5,aqueduct_flood/inunriver_rcp4p5_MIROC-ESM-CHEM_2030_rp00005__KEN.tif
fluvial,2030,4.5,MIROC-ESM-CHEM,10,aqueduct_flood/inunriver_rcp4p5_MIROC-ESM-CHEM_2030_rp00010__KEN.tif
fluvial,2030,4.5,MIROC-ESM-CHEM,25,aqueduct_flood/inunriver_rcp4p5_MIROC-ESM-CHEM_2030_rp00025__KEN.tif
fluvial,2030,4.5,MIROC-ESM-CHEM,50,aqueduct_flood/inunriver_rcp4p5_MIROC-ESM-CHEM_2030_rp00050__KEN.tif
fluvial,2030,4.5,MIROC-ESM-CHEM,100,aqueduct_flood/inunriver_rcp4p5_MIROC-ESM-CHEM_2030_rp00100__KEN.tif
fluvial,2030,4.5,MIROC-ESM-CHEM,250,aqueduct_flood/inunriver_rcp4p5_MIROC-ESM-CHEM_2030_rp00250__KEN.tif
fluvial,2030,4.5,MIROC-ESM-CHEM,500,aqueduct_flood/inunriver_rcp4p5_MIROC-ESM-CHEM_2030_rp00500__KEN.tif
fluvial,2030,4.5,MIROC-ESM-CHEM,1000,aqueduct_flood/inunriver_rcp4p5_MIROC-ESM-CHEM_2030_rp01000__KEN.tif
fluvial,2030,4.5,NorESM1-M,2,aqueduct_flood/inunriver_rcp4p5_00000NorESM1-M_2030_rp00002__KEN.tif
fluvial,2030,4.5,NorESM1-M,5,aqueduct_flood/inunriver_rcp4p5_00000NorESM1-M_2030_rp00005__KEN.tif
fluvial,2030,4.5,NorESM1-M,10,aqueduct_flood/inunriver_rcp4p5_00000NorESM1-M_2030_rp00010__KEN.tif
fluvial,2030,4.5,NorESM1-M,25,aqueduct_flood/inunriver_rcp4p5_00000NorESM1-M_2030_rp00025__KEN.tif
fluvial,2030,4.5,NorESM1-M,50,aqueduct_flood/inunriver_rcp4p5_00000NorESM1-M_2030_rp00050__KEN.tif
fluvial,2030,4.5,NorESM1-M,100,aqueduct_flood/inunriver_rcp4p5_00000NorESM1-M_2030_rp00100__KEN.tif
fluvial,2030,4.5,NorESM1-M,250,aqueduct_flood/inunriver_rcp4p5_00000NorESM1-M_2030_rp00250__KEN.tif
fluvial,2030,4.5,NorESM1-M,500,aqueduct_flood/inunriver_rcp4p5_00000NorESM1-M_2030_rp00500__KEN.tif
fluvial,2030,4.5,NorESM1-M,1000,aqueduct_flood/inunriver_rcp4p5_00000NorESM1-M_2030_rp01000__KEN.tif
fluvial,2030,8.5,GFDL-ESM2M,2,aqueduct_flood/inunriver_rcp8p5_0000GFDL-ESM2M_2030_rp00002__KEN.tif
fluvial,2030,8.5,GFDL-ESM2M,5,aqueduct_flood/inunriver_rcp8p5_0000GFDL-ESM2M_2030_rp00005__KEN.tif
fluvial,2030,8.5,GFDL-ESM2M,10,aqueduct_flood/inunriver_rcp8p5_0000GFDL-ESM2M_2030_rp00010__KEN.tif
fluvial,2030,8.5,GFDL-ESM2M,25,aqueduct_flood/inunriver_rcp8p5_0000GFDL-ESM2M_2030_rp00025__KEN.tif
fluvial,2030,8.5,GFDL-ESM2M,50,aqueduct_flood/inunriver_rcp8p5_0000GFDL-ESM2M_2030_rp00050__KEN.tif
fluvial,2030,8.5,GFDL-ESM2M,100,aqueduct_flood/inunriver_rcp8p5_0000GFDL-ESM2M_2030_rp00100__KEN.tif
fluvial,2030,8.5,GFDL-ESM2M,250,aqueduct_flood/inunriver_rcp8p5_0000GFDL-ESM2M_2030_rp00250__KEN.tif
fluvial,2030,8.5,GFDL-ESM2M,500,aqueduct_flood/inunriver_rcp8p5_0000GFDL-ESM2M_2030_rp00500__KEN.tif
fluvial,2030,8.5,GFDL-ESM2M,1000,aqueduct_flood/inunriver_rcp8p5_0000GFDL-ESM2M_2030_rp01000__KEN.tif
fluvial,2030,8.5,HadGEM2-ES,2,aqueduct_flood/inunriver_rcp8p5_0000HadGEM2-ES_2030_rp00002__KEN.tif
fluvial,2030,8.5,HadGEM2-ES,5,aqueduct_flood/inunriver_rcp8p5_0000HadGEM2-ES_2030_rp00005__KEN.tif
fluvial,2030,8.5,HadGEM2-ES,10,aqueduct_flood/inunriver_rcp8p5_0000HadGEM2-ES_2030_rp00010__KEN.tif
fluvial,2030,8.5,HadGEM2-ES,25,aqueduct_flood/inunriver_rcp8p5_0000HadGEM2-ES_2030_rp00025__KEN.tif
fluvial,2030,8.5,HadGEM2-ES,50,aqueduct_flood/inunriver_rcp8p5_0000HadGEM2-ES_2030_rp00050__KEN.tif
fluvial,2030,8.5,HadGEM2-ES,100,aqueduct_flood/inunriver_rcp8p5_0000HadGEM2-ES_2030_rp00100__KEN.tif
fluvial,2030,8.5,HadGEM2-ES,250,aqueduct_flood/inunriver_rcp8p5_0000HadGEM2-ES_2030_rp00250__KEN.tif
fluvial,2030,8.5,HadGEM2-ES,500,aqueduct_flood/inunriver_rcp8p5_0000HadGEM2-ES_2030_rp00500__KEN.tif
fluvial,2030,8.5,HadGEM2-ES,1000,aqueduct_flood/inunriver_rcp8p5_0000HadGEM2-ES_2030_rp01000__KEN.tif
fluvial,2030,8.5,IPSL-CM5A-LR,2,aqueduct_flood/inunriver_rcp8p5_00IPSL-CM5A-LR_2030_rp00002__KEN.tif
fluvial,2030,8.5,IPSL-CM5A-LR,5,aqueduct_flood/inunriver_rcp8p5_00IPSL-CM5A-LR_2030_rp00005__KEN.tif
fluvial,2030,8.5,IPSL-CM5A-LR,10,aqueduct_flood/inunriver_rcp8p5_00IPSL-CM5A-LR_2030_rp00010__KEN.tif
fluvial,2030,8.5,IPSL-CM5A-LR,25,aqueduct_flood/inunriver_rcp8p5_00IPSL-CM5A-LR_2030_rp00025__KEN.tif
fluvial,2030,8.5,IPSL-CM5A-LR,50,aqueduct_flood/inunriver_rcp8p5_00IPSL-CM5A-LR_2030_rp00050__KEN.tif
fluvial,2030,8.5,IPSL-CM5A-LR,100,aqueduct_flood/inunriver_rcp8p5_00IPSL-CM5A-LR_2030_rp00100__KEN.tif
fluvial,2030,8.5,IPSL-CM5A-LR,250,aqueduct_flood/inunriver_rcp8p5_00IPSL-CM5A-LR_2030_rp00250__KEN.tif
fluvial,2030,8.5,IPSL-CM5A-LR,500,aqueduct_flood/inunriver_rcp8p5_00IPSL-CM5A-LR_2030_rp00500__KEN.tif
fluvial,2030,8.5,IPSL-CM5A-LR,1000,aqueduct_flood/inunriver_rcp8p5_00IPSL-CM5A-LR_2030_rp01000__KEN.tif
fluvial,2030,8.5,MIROC-ESM-CHEM,2,aqueduct_flood/inunriver_rcp8p5_MIROC-ESM-CHEM_2030_rp00002__KEN.tif
fluvial,2030,8.5,MIROC-ESM-CHEM,5,aqueduct_flood/inunriver_rcp8p5_MIROC-ESM-CHEM_2030_rp00005__KEN.tif
fluvial,2030,8.5,MIROC-ESM-CHEM,10,aqueduct_flood/inunriver_rcp8p5_MIROC-ESM-CHEM_2030_rp00010__KEN.tif
fluvial,2030,8.5,MIROC-ESM-CHEM,25,aqueduct_flood/inunriver_rcp8p5_MIROC-ESM-CHEM_2030_rp00025__KEN.tif
fluvial,2030,8.5,MIROC-ESM-CHEM,50,aqueduct_flood/inunriver_rcp8p5_MIROC-ESM-CHEM_2030_rp00050__KEN.tif
fluvial,2030,8.5,MIROC-ESM-CHEM,100,aqueduct_flood/inunriver_rcp8p5_MIROC-ESM-CHEM_2030_rp00100__KEN.tif
fluvial,2030,8.5,MIROC-ESM-CHEM,250,aqueduct_flood/inunriver_rcp8p5_MIROC-ESM-CHEM_2030_rp00250__KEN.tif
fluvial,2030,8.5,MIROC-ESM-CHEM,500,aqueduct_flood/inunriver_rcp8p5_MIROC-ESM-CHEM_2030_rp00500__KEN.tif
fluvial,2030,8.5,MIROC-ESM-CHEM,1000,aqueduct_flood/inunriver_rcp8p5_MIROC-ESM-CHEM_2030_rp01000__KEN.tif
fluvial,2030,8.5,NorESM1-M,2,aqueduct_flood/inunriver_rcp8p5_00000NorESM1-M_2030_rp00002__KEN.tif
fluvial,2030,8.5,NorESM1-M,5,aqueduct_flood/inunriver_rcp8p5_00000NorESM1-M_2030_rp00005__KEN.tif
fluvial,2030,8.5,NorESM1-M,10,aqueduct_flood/inunriver_rcp8p5_00000NorESM1-M_2030_rp00010__KEN.tif
fluvial,2030,8.5,NorESM1-M,25,aqueduct_flood/inunriver_rcp8p5_00000NorESM1-M_2030_rp00025__KEN.tif
fluvial,2030,8.5,NorESM1-M,50,aqueduct_flood/inunriver_rcp8p5_00000NorESM1-M_2030_rp00050__KEN.tif
fluvial,2030,8.5,NorESM1-M,100,aqueduct_flood/inunriver_rcp8p5_00000NorESM1-M_2030_rp00100__KEN.tif
fluvial,2030,8.5,NorESM1-M,250,aqueduct_flood/inunriver_rcp8p5_00000NorESM1-M_2030_rp00250__KEN.tif
fluvial,2030,8.5,NorESM1-M,500,aqueduct_flood/inunriver_rcp8p5_00000NorESM1-M_2030_rp00500__KEN.tif
fluvial,2030,8.5,NorESM1-M,1000,aqueduct_flood/inunriver_rcp8p5_00000NorESM1-M_2030_rp01000__KEN.tif
fluvial,2050,4.5,GFDL-ESM2M,2,aqueduct_flood/inunriver_rcp4p5_0000GFDL-ESM2M_2050_rp00002__KEN.tif
fluvial,2050,4.5,GFDL-ESM2M,5,aqueduct_flood/inunriver_rcp4p5_0000GFDL-ESM2M_2050_rp00005__KEN.tif
fluvial,2050,4.5,GFDL-ESM2M,10,aqueduct_flood/inunriver_rcp4p5_0000GFDL-ESM2M_2050_rp00010__KEN.tif
fluvial,2050,4.5,GFDL-ESM2M,25,aqueduct_flood/inunriver_rcp4p5_0000GFDL-ESM2M_2050_rp00025__KEN.tif
fluvial,2050,4.5,GFDL-ESM2M,50,aqueduct_flood/inunriver_rcp4p5_0000GFDL-ESM2M_2050_rp00050__KEN.tif
fluvial,2050,4.5,GFDL-ESM2M,100,aqueduct_flood/inunriver_rcp4p5_0000GFDL-ESM2M_2050_rp00100__KEN.tif
fluvial,2050,4.5,GFDL-ESM2M,250,aqueduct_flood/inunriver_rcp4p5_0000GFDL-ESM2M_2050_rp00250__KEN.tif
fluvial,2050,4.5,GFDL-ESM2M,500,aqueduct_flood/inunriver_rcp4p5_0000GFDL-ESM2M_2050_rp00500__KEN.tif
fluvial,2050,4.5,GFDL-ESM2M,1000,aqueduct_flood/inunriver_rcp4p5_0000GFDL-ESM2M_2050_rp01000__KEN.tif
fluvial,2050,4.5,HadGEM2-ES,2,aqueduct_flood/inunriver_rcp4p5_0000HadGEM2-ES_2050_rp00002__KEN.tif
fluvial,2050,4.5,HadGEM2-ES,5,aqueduct_flood/inunriver_rcp4p5_0000HadGEM2-ES_2050_rp00005__KEN.tif
fluvial,2050,4.5,HadGEM2-ES,10,aqueduct_flood/inunriver_rcp4p5_0000HadGEM2-ES_2050_rp00010__KEN.tif
fluvial,2050,4.5,HadGEM2-ES,25,aqueduct_flood/inunriver_rcp4p5_0000HadGEM2-ES_2050_rp00025__KEN.tif
fluvial,2050,4.5,HadGEM2-ES,50,aqueduct_flood/inunriver_rcp4p5_0000HadGEM2-ES_2050_rp00050__KEN.tif
fluvial,2050,4.5,HadGEM2-ES,100,aqueduct_flood/inunriver_rcp4p5_0000HadGEM2-ES_2050_rp00100__KEN.tif
fluvial,2050,4.5,HadGEM2-ES,250,aqueduct_flood/inunriver_rcp4p5_0000HadGEM2-ES_2050_rp00250__KEN.tif
fluvial,2050,4.5,HadGEM2-ES,500,aqueduct_flood/inunriver_rcp4p5_0000HadGEM2-ES_2050_rp00500__KEN.tif
fluvial,2050,4.5,HadGEM2-ES,1000,aqueduct_flood/inunriver_rcp4p5_0000HadGEM2-ES_2050_rp01000__KEN.tif
fluvial,2050,4.5,IPSL-CM5A-LR,2,aqueduct_flood/inunriver_rcp4p5_00IPSL-CM5A-LR_2050_rp00002__KEN.tif
fluvial,2050,4.5,IPSL-CM5A-LR,5,aqueduct_flood/inunriver_rcp4p5_00IPSL-CM5A-LR_2050_rp00005__KEN.tif
fluvial,2050,4.5,IPSL-CM5A-LR,10,aqueduct_flood/inunriver_rcp4p5_00IPSL-CM5A-LR_2050_rp00010__KEN.tif
fluvial,2050,4.5,IPSL-CM5A-LR,25,aqueduct_flood/inunriver_rcp4p5_00IPSL-CM5A-LR_2050_rp00025__KEN.tif
fluvial,2050,4.5,IPSL-CM5A-LR,50,aqueduct_flood/inunriver_rcp4p5_00IPSL-CM5A-LR_2050_rp00050__KEN.tif
fluvial,2050,4.5,IPSL-CM5A-LR,100,aqueduct_flood/inunriver_rcp4p5_00IPSL-CM5A-LR_2050_rp00100__KEN.tif
fluvial,2050,4.5,IPSL-CM5A-LR,250,aqueduct_flood/inunriver_rcp4p5_00IPSL-CM5A-LR_2050_rp00250__KEN.tif
fluvial,2050,4.5,IPSL-CM5A-LR,500,aqueduct_flood/inunriver_rcp4p5_00IPSL-CM5A-LR_2050_rp00500__KEN.tif
fluvial,2050,4.5,IPSL-CM5A-LR,1000,aqueduct_flood/inunriver_rcp4p5_00IPSL-CM5A-LR_2050_rp01000__KEN.tif
fluvial,2050,4.5,MIROC-ESM-CHEM,2,aqueduct_flood/inunriver_rcp4p5_MIROC-ESM-CHEM_2050_rp00002__KEN.tif
fluvial,2050,4.5,MIROC-ESM-CHEM,5,aqueduct_flood/inunriver_rcp4p5_MIROC-ESM-CHEM_2050_rp00005__KEN.tif
fluvial,2050,4.5,MIROC-ESM-CHEM,10,aqueduct_flood/inunriver_rcp4p5_MIROC-ESM-CHEM_2050_rp00010__KEN.tif
fluvial,2050,4.5,MIROC-ESM-CHEM,25,aqueduct_flood/inunriver_rcp4p5_MIROC-ESM-CHEM_2050_rp00025__KEN.tif
fluvial,2050,4.5,MIROC-ESM-CHEM,50,aqueduct_flood/inunriver_rcp4p5_MIROC-ESM-CHEM_2050_rp00050__KEN.tif
fluvial,2050,4.5,MIROC-ESM-CHEM,100,aqueduct_flood/inunriver_rcp4p5_MIROC-ESM-CHEM_2050_rp00100__KEN.tif
fluvial,2050,4.5,MIROC-ESM-CHEM,250,aqueduct_flood/inunriver_rcp4p5_MIROC-ESM-CHEM_2050_rp00250__KEN.tif
fluvial,2050,4.5,MIROC-ESM-CHEM,500,aqueduct_flood/inunriver_rcp4p5_MIROC-ESM-CHEM_2050_rp00500__KEN.tif
fluvial,2050,4.5,MIROC-ESM-CHEM,1000,aqueduct_flood/inunriver_rcp4p5_MIROC-ESM-CHEM_2050_rp01000__KEN.tif
fluvial,2050,4.5,NorESM1-M,2,aqueduct_flood/inunriver_rcp4p5_00000NorESM1-M_2050_rp00002__KEN.tif
fluvial,2050,4.5,NorESM1-M,5,aqueduct_flood/inunriver_rcp4p5_00000NorESM1-M_2050_rp00005__KEN.tif
fluvial,2050,4.5,NorESM1-M,10,aqueduct_flood/inunriver_rcp4p5_00000NorESM1-M_2050_rp00010__KEN.tif
fluvial,2050,4.5,NorESM1-M,25,aqueduct_flood/inunriver_rcp4p5_00000NorESM1-M_2050_rp00025__KEN.tif
fluvial,2050,4.5,NorESM1-M,50,aqueduct_flood/inunriver_rcp4p5_00000NorESM1-M_2050_rp00050__KEN.tif
fluvial,2050,4.5,NorESM1-M,100,aqueduct_flood/inunriver_rcp4p5_00000NorESM1-M_2050_rp00100__KEN.tif
fluvial,2050,4.5,NorESM1-M,250,aqueduct_flood/inunriver_rcp4p5_00000NorESM1-M_2050_rp00250__KEN.tif
fluvial,2050,4.5,NorESM1-M,500,aqueduct_flood/inunriver_rcp4p5_00000NorESM1-M_2050_rp00500__KEN.tif
fluvial,2050,4.5,NorESM1-M,1000,aqueduct_flood/inunriver_rcp4p5_00000NorESM1-M_2050_rp01000__KEN.tif
fluvial,2050,8.5,GFDL-ESM2M,2,aqueduct_flood/inunriver_rcp8p5_0000GFDL-ESM2M_2050_rp00002__KEN.tif
fluvial,2050,8.5,GFDL-ESM2M,5,aqueduct_flood/inunriver_rcp8p5_0000GFDL-ESM2M_2050_rp00005__KEN.tif
fluvial,2050,8.5,GFDL-ESM2M,10,aqueduct_flood/inunriver_rcp8p5_0000GFDL-ESM2M_2050_rp00010__KEN.tif
fluvial,2050,8.5,GFDL-ESM2M,25,aqueduct_flood/inunriver_rcp8p5_0000GFDL-ESM2M_2050_rp00025__KEN.tif
fluvial,2050,8.5,GFDL-ESM2M,50,aqueduct_flood/inunriver_rcp8p5_0000GFDL-ESM2M_2050_rp00050__KEN.tif
fluvial,2050,8.5,GFDL-ESM2M,100,aqueduct_flood/inunriver_rcp8p5_0000GFDL-ESM2M_2050_rp00100__KEN.tif
fluvial,2050,8.5,GFDL-ESM2M,250,aqueduct_flood/inunriver_rcp8p5_0000GFDL-ESM2M_2050_rp00250__KEN.tif
fluvial,2050,8.5,GFDL-ESM2M,500,aqueduct_flood/inunriver_rcp8p5_0000GFDL-ESM2M_2050_rp00500__KEN.tif
fluvial,2050,8.5,GFDL-ESM2M,1000,aqueduct_flood/inunriver_rcp8p5_0000GFDL-ESM2M_2050_rp01000__KEN.tif
fluvial,2050,8.5,HadGEM2-ES,2,aqueduct_flood/inunriver_rcp8p5_0000HadGEM2-ES_2050_rp00002__KEN.tif
fluvial,2050,8.5,HadGEM2-ES,5,aqueduct_flood/inunriver_rcp8p5_0000HadGEM2-ES_2050_rp00005__KEN.tif
fluvial,2050,8.5,HadGEM2-ES,10,aqueduct_flood/inunriver_rcp8p5_0000HadGEM2-ES_2050_rp00010__KEN.tif
fluvial,2050,8.5,HadGEM2-ES,25,aqueduct_flood/inunriver_rcp8p5_0000HadGEM2-ES_2050_rp00025__KEN.tif
fluvial,2050,8.5,HadGEM2-ES,50,aqueduct_flood/inunriver_rcp8p5_0000HadGEM2-ES_2050_rp00050__KEN.tif
fluvial,2050,8.5,HadGEM2-ES,100,aqueduct_flood/inunriver_rcp8p5_0000HadGEM2-ES_2050_rp00100__KEN.tif
fluvial,2050,8.5,HadGEM2-ES,250,aqueduct_flood/inunriver_rcp8p5_0000HadGEM2-ES_2050_rp00250__KEN.tif
fluvial,2050,8.5,HadGEM2-ES,500,aqueduct_flood/inunriver_rcp8p5_0000HadGEM2-ES_2050_rp00500__KEN.tif
fluvial,2050,8.5,HadGEM2-ES,1000,aqueduct_flood/inunriver_rcp8p5_0000HadGEM2-ES_2050_rp01000__KEN.tif
fluvial,2050,8.5,IPSL-CM5A-LR,2,aqueduct_flood/inunriver_rcp8p5_00IPSL-CM5A-LR_2050_rp00002__KEN.tif
fluvial,2050,8.5,IPSL-CM5A-LR,5,aqueduct_flood/inunriver_rcp8p5_00IPSL-CM5A-LR_2050_rp00005__KEN.tif
fluvial,2050,8.5,IPSL-CM5A-LR,10,aqueduct_flood/inunriver_rcp8p5_00IPSL-CM5A-LR_2050_rp00010__KEN.tif
fluvial,2050,8.5,IPSL-CM5A-LR,25,aqueduct_flood/inunriver_rcp8p5_00IPSL-CM5A-LR_2050_rp00025__KEN.tif
fluvial,2050,8.5,IPSL-CM5A-LR,50,aqueduct_flood/inunriver_rcp8p5_00IPSL-CM5A-LR_2050_rp00050__KEN.tif
fluvial,2050,8.5,IPSL-CM5A-LR,100,aqueduct_flood/inunriver_rcp8p5_00IPSL-CM5A-LR_2050_rp00100__KEN.tif
fluvial,2050,8.5,IPSL-CM5A-LR,250,aqueduct_flood/inunriver_rcp8p5_00IPSL-CM5A-LR_2050_rp00250__KEN.tif
fluvial,2050,8.5,IPSL-CM5A-LR,500,aqueduct_flood/inunriver_rcp8p5_00IPSL-CM5A-LR_2050_rp00500__KEN.tif
fluvial,2050,8.5,IPSL-CM5A-LR,1000,aqueduct_flood/inunriver_rcp8p5_00IPSL-CM5A-LR_2050_rp01000__KEN.tif
fluvial,2050,8.5,MIROC-ESM-CHEM,2,aqueduct_flood/inunriver_rcp8p5_MIROC-ESM-CHEM_2050_rp00002__KEN.tif
fluvial,2050,8.5,MIROC-ESM-CHEM,5,aqueduct_flood/inunriver_rcp8p5_MIROC-ESM-CHEM_2050_rp00005__KEN.tif
fluvial,2050,8.5,MIROC-ESM-CHEM,10,aqueduct_flood/inunriver_rcp8p5_MIROC-ESM-CHEM_2050_rp00010__KEN.tif
fluvial,2050,8.5,MIROC-ESM-CHEM,25,aqueduct_flood/inunriver_rcp8p5_MIROC-ESM-CHEM_2050_rp00025__KEN.tif
fluvial,2050,8.5,MIROC-ESM-CHEM,50,aqueduct_flood/inunriver_rcp8p5_MIROC-ESM-CHEM_2050_rp00050__KEN.tif
fluvial,2050,8.5,MIROC-ESM-CHEM,100,aqueduct_flood/inunriver_rcp8p5_MIROC-ESM-CHEM_2050_rp00100__KEN.tif
fluvial,2050,8.5,MIROC-ESM-CHEM,250,aqueduct_flood/inunriver_rcp8p5_MIROC-ESM-CHEM_2050_rp00250__KEN.tif
fluvial,2050,8.5,MIROC-ESM-CHEM,500,aqueduct_flood/inunriver_rcp8p5_MIROC-ESM-CHEM_2050_rp00500__KEN.tif
fluvial,2050,8.5,MIROC-ESM-CHEM,1000,aqueduct_flood/inunriver_rcp8p5_MIROC-ESM-CHEM_2050_rp01000__KEN.tif
fluvial,2050,8.5,NorESM1-M,2,aqueduct_flood/inunriver_rcp8p5_00000NorESM1-M_2050_rp00002__KEN.tif
fluvial,2050,8.5,NorESM1-M,5,aqueduct_flood/inunriver_rcp8p5_00000NorESM1-M_2050_rp00005__KEN.tif
fluvial,2050,8.5,NorESM1-M,10,aqueduct_flood/inunriver_rcp8p5_00000NorESM1-M_2050_rp00010__KEN.tif
fluvial,2050,8.5,NorESM1-M,25,aqueduct_flood/inunriver_rcp8p5_00000NorESM1-M_2050_rp00025__KEN.tif
fluvial,2050,8.5,NorESM1-M,50,aqueduct_flood/inunriver_rcp8p5_00000NorESM1-M_2050_rp00050__KEN.tif
fluvial,2050,8.5,NorESM1-M,100,aqueduct_flood/inunriver_rcp8p5_00000NorESM1-M_2050_rp00100__KEN.tif
fluvial,2050,8.5,NorESM1-M,250,aqueduct_flood/inunriver_rcp8p5_00000NorESM1-M_2050_rp00250__KEN.tif
fluvial,2050,8.5,NorESM1-M,500,aqueduct_flood/inunriver_rcp8p5_00000NorESM1-M_2050_rp00500__KEN.tif
fluvial,2050,8.5,NorESM1-M,1000,aqueduct_flood/inunriver_rcp8p5_00000NorESM1-M_2050_rp01000__KEN.tif
fluvial,2080,4.5,GFDL-ESM2M,2,aqueduct_flood/inunriver_rcp4p5_0000GFDL-ESM2M_2080_rp00002__KEN.tif
fluvial,2080,4.5,GFDL-ESM2M,5,aqueduct_flood/inunriver_rcp4p5_0000GFDL-ESM2M_2080_rp00005__KEN.tif
fluvial,2080,4.5,GFDL-ESM2M,10,aqueduct_flood/inunriver_rcp4p5_0000GFDL-ESM2M_2080_rp00010__KEN.tif
fluvial,2080,4.5,GFDL-ESM2M,25,aqueduct_flood/inunriver_rcp4p5_0000GFDL-ESM2M_2080_rp00025__KEN.tif
fluvial,2080,4.5,GFDL-ESM2M,50,aqueduct_flood/inunriver_rcp4p5_0000GFDL-ESM2M_2080_rp00050__KEN.tif
fluvial,2080,4.5,GFDL-ESM2M,100,aqueduct_flood/inunriver_rcp4p5_0000GFDL-ESM2M_2080_rp00100__KEN.tif
fluvial,2080,4.5,GFDL-ESM2M,250,aqueduct_flood/inunriver_rcp4p5_0000GFDL-ESM2M_2080_rp00250__KEN.tif
fluvial,2080,4.5,GFDL-ESM2M,500,aqueduct_flood/inunriver_rcp4p5_0000GFDL-ESM2M_2080_rp00500__KEN.tif
fluvial,2080,4.5,GFDL-ESM2M,1000,aqueduct_flood/inunriver_rcp4p5_0000GFDL-ESM2M_2080_rp01000__KEN.tif
fluvial,2080,4.5,HadGEM2-ES,2,aqueduct_flood/inunriver_rcp4p5_0000HadGEM2-ES_2080_rp00002__KEN.tif
fluvial,2080,4.5,HadGEM2-ES,5,aqueduct_flood/inunriver_rcp4p5_0000HadGEM2-ES_2080_rp00005__KEN.tif
fluvial,2080,4.5,HadGEM2-ES,10,aqueduct_flood/inunriver_rcp4p5_0000HadGEM2-ES_2080_rp00010__KEN.tif
fluvial,2080,4.5,HadGEM2-ES,25,aqueduct_flood/inunriver_rcp4p5_0000HadGEM2-ES_2080_rp00025__KEN.tif
fluvial,2080,4.5,HadGEM2-ES,50,aqueduct_flood/inunriver_rcp4p5_0000HadGEM2-ES_2080_rp00050__KEN.tif
fluvial,2080,4.5,HadGEM2-ES,100,aqueduct_flood/inunriver_rcp4p5_0000HadGEM2-ES_2080_rp00100__KEN.tif
fluvial,2080,4.5,HadGEM2-ES,250,aqueduct_flood/inunriver_rcp4p5_0000HadGEM2-ES_2080_rp00250__KEN.tif
fluvial,2080,4.5,HadGEM2-ES,500,aqueduct_flood/inunriver_rcp4p5_0000HadGEM2-ES_2080_rp00500__KEN.tif
fluvial,2080,4.5,HadGEM2-ES,1000,aqueduct_flood/inunriver_rcp4p5_0000HadGEM2-ES_2080_rp01000__KEN.tif
fluvial,2080,4.5,IPSL-CM5A-LR,2,aqueduct_flood/inunriver_rcp4p5_00IPSL-CM5A-LR_2080_rp00002__KEN.tif
fluvial,2080,4.5,IPSL-CM5A-LR,5,aqueduct_flood/inunriver_rcp4p5_00IPSL-CM5A-LR_2080_rp00005__KEN.tif
fluvial,2080,4.5,IPSL-CM5A-LR,10,aqueduct_flood/inunriver_rcp4p5_00IPSL-CM5A-LR_2080_rp00010__KEN.tif
fluvial,2080,4.5,IPSL-CM5A-LR,25,aqueduct_flood/inunriver_rcp4p5_00IPSL-CM5A-LR_2080_rp00025__KEN.tif
fluvial,2080,4.5,IPSL-CM5A-LR,50,aqueduct_flood/inunriver_rcp4p5_00IPSL-CM5A-LR_2080_rp00050__KEN.tif
fluvial,2080,4.5,IPSL-CM5A-LR,100,aqueduct_flood/inunriver_rcp4p5_00IPSL-CM5A-LR_2080_rp00100__KEN.tif
fluvial,2080,4.5,IPSL-CM5A-LR,250,aqueduct_flood/inunriver_rcp4p5_00IPSL-CM5A-LR_2080_rp00250__KEN.tif
fluvial,2080,4.5,IPSL-CM5A-LR,500,aqueduct_flood/inunriver_rcp4p5_00IPSL-CM5A-LR_2080_rp00500__KEN.tif
fluvial,2080,4.5,IPSL-CM5A-LR,1000,aqueduct_flood/inunriver_rcp4p5_00IPSL-CM5A-LR_2080_rp01000__KEN.tif
fluvial,2080,4.5,MIROC-ESM-CHEM,2,aqueduct_flood/inunriver_rcp4p5_MIROC-ESM-CHEM_2080_rp00002__KEN.tif
fluvial,2080,4.5,MIROC-ESM-CHEM,5,aqueduct_flood/inunriver_rcp4p5_MIROC-ESM-CHEM_2080_rp00005__KEN.tif
fluvial,2080,4.5,MIROC-ESM-CHEM,10,aqueduct_flood/inunriver_rcp4p5_MIROC-ESM-CHEM_2080_rp00010__KEN.tif
fluvial,2080,4.5,MIROC-ESM-CHEM,25,aqueduct_flood/inunriver_rcp4p5_MIROC-ESM-CHEM_2080_rp00025__KEN.tif
fluvial,2080,4.5,MIROC-ESM-CHEM,50,aqueduct_flood/inunriver_rcp4p5_MIROC-ESM-CHEM_2080_rp00050__KEN.tif
fluvial,2080,4.5,MIROC-ESM-CHEM,100,aqueduct_flood/inunriver_rcp4p5_MIROC-ESM-CHEM_2080_rp00100__KEN.tif
fluvial,2080,4.5,MIROC-ESM-CHEM,250,aqueduct_flood/inunriver_rcp4p5_MIROC-ESM-CHEM_2080_rp00250__KEN.tif
fluvial,2080,4.5,MIROC-ESM-CHEM,500,aqueduct_flood/inunriver_rcp4p5_MIROC-ESM-CHEM_2080_rp00500__KEN.tif
fluvial,2080,4.5,MIROC-ESM-CHEM,1000,aqueduct_flood/inunriver_rcp4p5_MIROC-ESM-CHEM_2080_rp01000__KEN.tif
fluvial,2080,4.5,NorESM1-M,2,aqueduct_flood/inunriver_rcp4p5_00000NorESM1-M_2080_rp00002__KEN.tif
fluvial,2080,4.5,NorESM1-M,5,aqueduct_flood/inunriver_rcp4p5_00000NorESM1-M_2080_rp00005__KEN.tif
fluvial,2080,4.5,NorESM1-M,10,aqueduct_flood/inunriver_rcp4p5_00000NorESM1-M_2080_rp00010__KEN.tif
fluvial,2080,4.5,NorESM1-M,25,aqueduct_flood/inunriver_rcp4p5_00000NorESM1-M_2080_rp00025__KEN.tif
fluvial,2080,4.5,NorESM1-M,50,aqueduct_flood/inunriver_rcp4p5_00000NorESM1-M_2080_rp00050__KEN.tif
fluvial,2080,4.5,NorESM1-M,100,aqueduct_flood/inunriver_rcp4p5_00000NorESM1-M_2080_rp00100__KEN.tif
fluvial,2080,4.5,NorESM1-M,250,aqueduct_flood/inunriver_rcp4p5_00000NorESM1-M_2080_rp00250__KEN.tif
fluvial,2080,4.5,NorESM1-M,500,aqueduct_flood/inunriver_rcp4p5_00000NorESM1-M_2080_rp00500__KEN.tif
fluvial,2080,4.5,NorESM1-M,1000,aqueduct_flood/inunriver_rcp4p5_00000NorESM1-M_2080_rp01000__KEN.tif
fluvial,2080,8.5,GFDL-ESM2M,2,aqueduct_flood/inunriver_rcp8p5_0000GFDL-ESM2M_2080_rp00002__KEN.tif
fluvial,2080,8.5,GFDL-ESM2M,5,aqueduct_flood/inunriver_rcp8p5_0000GFDL-ESM2M_2080_rp00005__KEN.tif
fluvial,2080,8.5,GFDL-ESM2M,10,aqueduct_flood/inunriver_rcp8p5_0000GFDL-ESM2M_2080_rp00010__KEN.tif
fluvial,2080,8.5,GFDL-ESM2M,25,aqueduct_flood/inunriver_rcp8p5_0000GFDL-ESM2M_2080_rp00025__KEN.tif
fluvial,2080,8.5,GFDL-ESM2M,50,aqueduct_flood/inunriver_rcp8p5_0000GFDL-ESM2M_2080_rp00050__KEN.tif
fluvial,2080,8.5,GFDL-ESM2M,100,aqueduct_flood/inunriver_rcp8p5_0000GFDL-ESM2M_2080_rp00100__KEN.tif
fluvial,2080,8.5,GFDL-ESM2M,250,aqueduct_flood/inunriver_rcp8p5_0000GFDL-ESM2M_2080_rp00250__KEN.tif
fluvial,2080,8.5,GFDL-ESM2M,500,aqueduct_flood/inunriver_rcp8p5_0000GFDL-ESM2M_2080_rp00500__KEN.tif
fluvial,2080,8.5,GFDL-ESM2M,1000,aqueduct_flood/inunriver_rcp8p5_0000GFDL-ESM2M_2080_rp01000__KEN.tif
fluvial,2080,8.5,HadGEM2-ES,2,aqueduct_flood/inunriver_rcp8p5_0000HadGEM2-ES_2080_rp00002__KEN.tif
fluvial,2080,8.5,HadGEM2-ES,5,aqueduct_flood/inunriver_rcp8p5_0000HadGEM2-ES_2080_rp00005__KEN.tif
fluvial,2080,8.5,HadGEM2-ES,10,aqueduct_flood/inunriver_rcp8p5_0000HadGEM2-ES_2080_rp00010__KEN.tif
fluvial,2080,8.5,HadGEM2-ES,25,aqueduct_flood/inunriver_rcp8p5_0000HadGEM2-ES_2080_rp00025__KEN.tif
fluvial,2080,8.5,HadGEM2-ES,50,aqueduct_flood/inunriver_rcp8p5_0000HadGEM2-ES_2080_rp00050__KEN.tif
fluvial,2080,8.5,HadGEM2-ES,100,aqueduct_flood/inunriver_rcp8p5_0000HadGEM2-ES_2080_rp00100__KEN.tif
fluvial,2080,8.5,HadGEM2-ES,250,aqueduct_flood/inunriver_rcp8p5_0000HadGEM2-ES_2080_rp00250__KEN.tif
fluvial,2080,8.5,HadGEM2-ES,500,aqueduct_flood/inunriver_rcp8p5_0000HadGEM2-ES_2080_rp00500__KEN.tif
fluvial,2080,8.5,HadGEM2-ES,1000,aqueduct_flood/inunriver_rcp8p5_0000HadGEM2-ES_2080_rp01000__KEN.tif
fluvial,2080,8.5,IPSL-CM5A-LR,2,aqueduct_flood/inunriver_rcp8p5_00IPSL-CM5A-LR_2080_rp00002__KEN.tif
fluvial,2080,8.5,IPSL-CM5A-LR,5,aqueduct_flood/inunriver_rcp8p5_00IPSL-CM5A-LR_2080_rp00005__KEN.tif
fluvial,2080,8.5,IPSL-CM5A-LR,10,aqueduct_flood/inunriver_rcp8p5_00IPSL-CM5A-LR_2080_rp00010__KEN.tif
fluvial,2080,8.5,IPSL-CM5A-LR,25,aqueduct_flood/inunriver_rcp8p5_00IPSL-CM5A-LR_2080_rp00025__KEN.tif
fluvial,2080,8.5,IPSL-CM5A-LR,50,aqueduct_flood/inunriver_rcp8p5_00IPSL-CM5A-LR_2080_rp00050__KEN.tif
fluvial,2080,8.5,IPSL-CM5A-LR,100,aqueduct_flood/inunriver_rcp8p5_00IPSL-CM5A-LR_2080_rp00100__KEN.tif
fluvial,2080,8.5,IPSL-CM5A-LR,250,aqueduct_flood/inunriver_rcp8p5_00IPSL-CM5A-LR_2080_rp00250__KEN.tif
fluvial,2080,8.5,IPSL-CM5A-LR,500,aqueduct_flood/inunriver_rcp8p5_00IPSL-CM5A-LR_2080_rp00500__KEN.tif
fluvial,2080,8.5,IPSL-CM5A-LR,1000,aqueduct_flood/inunriver_rcp8p5_00IPSL-CM5A-LR_2080_rp01000__KEN.tif
fluvial,2080,8.5,MIROC-ESM-CHEM,2,aqueduct_flood/inunriver_rcp8p5_MIROC-ESM-CHEM_2080_rp00002__KEN.tif
fluvial,2080,8.5,MIROC-ESM-CHEM,5,aqueduct_flood/inunriver_rcp8p5_MIROC-ESM-CHEM_2080_rp00005__KEN.tif
fluvial,2080,8.5,MIROC-ESM-CHEM,10,aqueduct_flood/inunriver_rcp8p5_MIROC-ESM-CHEM_2080_rp00010__KEN.tif
fluvial,2080,8.5,MIROC-ESM-CHEM,25,aqueduct_flood/inunriver_rcp8p5_MIROC-ESM-CHEM_2080_rp00025__KEN.tif
fluvial,2080,8.5,MIROC-ESM-CHEM,50,aqueduct_flood/inunriver_rcp8p5_MIROC-ESM-CHEM_2080_rp00050__KEN.tif
fluvial,2080,8.5,MIROC-ESM-CHEM,100,aqueduct_flood/inunriver_rcp8p5_MIROC-ESM-CHEM_2080_rp00100__KEN.tif
fluvial,2080,8.5,MIROC-ESM-CHEM,250,aqueduct_flood/inunriver_rcp8p5_MIROC-ESM-CHEM_2080_rp00250__KEN.tif
fluvial,2080,8.5,MIROC-ESM-CHEM,500,aqueduct_flood/inunriver_rcp8p5_MIROC-ESM-CHEM_2080_rp00500__KEN.tif
fluvial,2080,8.5,MIROC-ESM-CHEM,1000,aqueduct_flood/inunriver_rcp8p5_MIROC-ESM-CHEM_2080_rp01000__KEN.tif
fluvial,2080,8.5,NorESM1-M,2,aqueduct_flood/inunriver_rcp8p5_00000NorESM1-M_2080_rp00002__KEN.tif
fluvial,2080,8.5,NorESM1-M,5,aqueduct_flood/inunriver_rcp8p5_00000NorESM1-M_2080_rp00005__KEN.tif
fluvial,2080,8.5,NorESM1-M,10,aqueduct_flood/inunriver_rcp8p5_00000NorESM1-M_2080_rp00010__KEN.tif
fluvial,2080,8.5,NorESM1-M,25,aqueduct_flood/inunriver_rcp8p5_00000NorESM1-M_2080_rp00025__KEN.tif
fluvial,2080,8.5,NorESM1-M,50,aqueduct_flood/inunriver_rcp8p5_00000NorESM1-M_2080_rp00050__KEN.tif
fluvial,2080,8.5,NorESM1-M,100,aqueduct_flood/inunriver_rcp8p5_00000NorESM1-M_2080_rp00100__KEN.tif
fluvial,2080,8.5,NorESM1-M,250,aqueduct_flood/inunriver_rcp8p5_00000NorESM1-M_2080_rp00250__KEN.tif
fluvial,2080,8.5,NorESM1-M,500,aqueduct_flood/inunriver_rcp8p5_00000NorESM1-M_2080_rp00500__KEN.tif
fluvial,2080,8.5,NorESM1-M,1000,aqueduct_flood/inunriver_rcp8p5_00000NorESM1-M_2080_rp01000__KEN.tif
