hazard,epoch,rcp,gcm,path
cyclone,2010,historical,constant,data/KEN/storm/STORM_FIXED_RETURN_PERIODS_constant_10000_YR_RP__KEN.tif
cyclone,2010,historical,constant,data/KEN/storm/STORM_FIXED_RETURN_PERIODS_constant_1000_YR_RP__KEN.tif
cyclone,2010,historical,constant,data/KEN/storm/STORM_FIXED_RETURN_PERIODS_constant_100_YR_RP__KEN.tif
cyclone,2010,historical,constant,data/KEN/storm/STORM_FIXED_RETURN_PERIODS_constant_10_YR_RP__KEN.tif
cyclone,2010,historical,constant,data/KEN/storm/STORM_FIXED_RETURN_PERIODS_constant_2000_YR_RP__KEN.tif
cyclone,2010,historical,constant,data/KEN/storm/STORM_FIXED_RETURN_PERIODS_constant_200_YR_RP__KEN.tif
cyclone,2010,historical,constant,data/KEN/storm/STORM_FIXED_RETURN_PERIODS_constant_20_YR_RP__KEN.tif
cyclone,2010,historical,constant,data/KEN/storm/STORM_FIXED_RETURN_PERIODS_constant_3000_YR_RP__KEN.tif
cyclone,2010,historical,constant,data/KEN/storm/STORM_FIXED_RETURN_PERIODS_constant_300_YR_RP__KEN.tif
cyclone,2010,historical,constant,data/KEN/storm/STORM_FIXED_RETURN_PERIODS_constant_30_YR_RP__KEN.tif
cyclone,2010,historical,constant,data/KEN/storm/STORM_FIXED_RETURN_PERIODS_constant_4000_YR_RP__KEN.tif
cyclone,2010,historical,constant,data/KEN/storm/STORM_FIXED_RETURN_PERIODS_constant_400_YR_RP__KEN.tif
cyclone,2010,historical,constant,data/KEN/storm/STORM_FIXED_RETURN_PERIODS_constant_40_YR_RP__KEN.tif
cyclone,2010,historical,constant,data/KEN/storm/STORM_FIXED_RETURN_PERIODS_constant_5000_YR_RP__KEN.tif
cyclone,2010,historical,constant,data/KEN/storm/STORM_FIXED_RETURN_PERIODS_constant_500_YR_RP__KEN.tif
cyclone,2010,historical,constant,data/KEN/storm/STORM_FIXED_RETURN_PERIODS_constant_50_YR_RP__KEN.tif
cyclone,2010,historical,constant,data/KEN/storm/STORM_FIXED_RETURN_PERIODS_constant_6000_YR_RP__KEN.tif
cyclone,2010,historical,constant,data/KEN/storm/STORM_FIXED_RETURN_PERIODS_constant_600_YR_RP__KEN.tif
cyclone,2010,historical,constant,data/KEN/storm/STORM_FIXED_RETURN_PERIODS_constant_60_YR_RP__KEN.tif
cyclone,2010,historical,constant,data/KEN/storm/STORM_FIXED_RETURN_PERIODS_constant_7000_YR_RP__KEN.tif
cyclone,2010,historical,constant,data/KEN/storm/STORM_FIXED_RETURN_PERIODS_constant_700_YR_RP__KEN.tif
cyclone,2010,historical,constant,data/KEN/storm/STORM_FIXED_RETURN_PERIODS_constant_70_YR_RP__KEN.tif
cyclone,2010,historical,constant,data/KEN/storm/STORM_FIXED_RETURN_PERIODS_constant_8000_YR_RP__KEN.tif
cyclone,2010,historical,constant,data/KEN/storm/STORM_FIXED_RETURN_PERIODS_constant_800_YR_RP__KEN.tif
cyclone,2010,historical,constant,data/KEN/storm/STORM_FIXED_RETURN_PERIODS_constant_80_YR_RP__KEN.tif
cyclone,2010,historical,constant,data/KEN/storm/STORM_FIXED_RETURN_PERIODS_constant_9000_YR_RP__KEN.tif
cyclone,2010,historical,constant,data/KEN/storm/STORM_FIXED_RETURN_PERIODS_constant_900_YR_RP__KEN.tif
cyclone,2010,historical,constant,data/KEN/storm/STORM_FIXED_RETURN_PERIODS_constant_90_YR_RP__KEN.tif
cyclone,2050,8.5,CMCC-CM2-VHR4,data/KEN/storm/STORM_FIXED_RETURN_PERIODS_CMCC-CM2-VHR4_10000_YR_RP__KEN.tif
cyclone,2050,8.5,CMCC-CM2-VHR4,data/KEN/storm/STORM_FIXED_RETURN_PERIODS_CMCC-CM2-VHR4_1000_YR_RP__KEN.tif
cyclone,2050,8.5,CMCC-CM2-VHR4,data/KEN/storm/STORM_FIXED_RETURN_PERIODS_CMCC-CM2-VHR4_100_YR_RP__KEN.tif
cyclone,2050,8.5,CMCC-CM2-VHR4,data/KEN/storm/STORM_FIXED_RETURN_PERIODS_CMCC-CM2-VHR4_10_YR_RP__KEN.tif
cyclone,2050,8.5,CMCC-CM2-VHR4,data/KEN/storm/STORM_FIXED_RETURN_PERIODS_CMCC-CM2-VHR4_2000_YR_RP__KEN.tif
cyclone,2050,8.5,CMCC-CM2-VHR4,data/KEN/storm/STORM_FIXED_RETURN_PERIODS_CMCC-CM2-VHR4_200_YR_RP__KEN.tif
cyclone,2050,8.5,CMCC-CM2-VHR4,data/KEN/storm/STORM_FIXED_RETURN_PERIODS_CMCC-CM2-VHR4_20_YR_RP__KEN.tif
cyclone,2050,8.5,CMCC-CM2-VHR4,data/KEN/storm/STORM_FIXED_RETURN_PERIODS_CMCC-CM2-VHR4_3000_YR_RP__KEN.tif
cyclone,2050,8.5,CMCC-CM2-VHR4,data/KEN/storm/STORM_FIXED_RETURN_PERIODS_CMCC-CM2-VHR4_300_YR_RP__KEN.tif
cyclone,2050,8.5,CMCC-CM2-VHR4,data/KEN/storm/STORM_FIXED_RETURN_PERIODS_CMCC-CM2-VHR4_30_YR_RP__KEN.tif
cyclone,2050,8.5,CMCC-CM2-VHR4,data/KEN/storm/STORM_FIXED_RETURN_PERIODS_CMCC-CM2-VHR4_4000_YR_RP__KEN.tif
cyclone,2050,8.5,CMCC-CM2-VHR4,data/KEN/storm/STORM_FIXED_RETURN_PERIODS_CMCC-CM2-VHR4_400_YR_RP__KEN.tif
cyclone,2050,8.5,CMCC-CM2-VHR4,data/KEN/storm/STORM_FIXED_RETURN_PERIODS_CMCC-CM2-VHR4_40_YR_RP__KEN.tif
cyclone,2050,8.5,CMCC-CM2-VHR4,data/KEN/storm/STORM_FIXED_RETURN_PERIODS_CMCC-CM2-VHR4_5000_YR_RP__KEN.tif
cyclone,2050,8.5,CMCC-CM2-VHR4,data/KEN/storm/STORM_FIXED_RETURN_PERIODS_CMCC-CM2-VHR4_500_YR_RP__KEN.tif
cyclone,2050,8.5,CMCC-CM2-VHR4,data/KEN/storm/STORM_FIXED_RETURN_PERIODS_CMCC-CM2-VHR4_50_YR_RP__KEN.tif
cyclone,2050,8.5,CMCC-CM2-VHR4,data/KEN/storm/STORM_FIXED_RETURN_PERIODS_CMCC-CM2-VHR4_6000_YR_RP__KEN.tif
cyclone,2050,8.5,CMCC-CM2-VHR4,data/KEN/storm/STORM_FIXED_RETURN_PERIODS_CMCC-CM2-VHR4_600_YR_RP__KEN.tif
cyclone,2050,8.5,CMCC-CM2-VHR4,data/KEN/storm/STORM_FIXED_RETURN_PERIODS_CMCC-CM2-VHR4_60_YR_RP__KEN.tif
cyclone,2050,8.5,CMCC-CM2-VHR4,data/KEN/storm/STORM_FIXED_RETURN_PERIODS_CMCC-CM2-VHR4_7000_YR_RP__KEN.tif
cyclone,2050,8.5,CMCC-CM2-VHR4,data/KEN/storm/STORM_FIXED_RETURN_PERIODS_CMCC-CM2-VHR4_700_YR_RP__KEN.tif
cyclone,2050,8.5,CMCC-CM2-VHR4,data/KEN/storm/STORM_FIXED_RETURN_PERIODS_CMCC-CM2-VHR4_70_YR_RP__KEN.tif
cyclone,2050,8.5,CMCC-CM2-VHR4,data/KEN/storm/STORM_FIXED_RETURN_PERIODS_CMCC-CM2-VHR4_8000_YR_RP__KEN.tif
cyclone,2050,8.5,CMCC-CM2-VHR4,data/KEN/storm/STORM_FIXED_RETURN_PERIODS_CMCC-CM2-VHR4_800_YR_RP__KEN.tif
cyclone,2050,8.5,CMCC-CM2-VHR4,data/KEN/storm/STORM_FIXED_RETURN_PERIODS_CMCC-CM2-VHR4_80_YR_RP__KEN.tif
cyclone,2050,8.5,CMCC-CM2-VHR4,data/KEN/storm/STORM_FIXED_RETURN_PERIODS_CMCC-CM2-VHR4_9000_YR_RP__KEN.tif
cyclone,2050,8.5,CMCC-CM2-VHR4,data/KEN/storm/STORM_FIXED_RETURN_PERIODS_CMCC-CM2-VHR4_900_YR_RP__KEN.tif
cyclone,2050,8.5,CMCC-CM2-VHR4,data/KEN/storm/STORM_FIXED_RETURN_PERIODS_CMCC-CM2-VHR4_90_YR_RP__KEN.tif
cyclone,2050,8.5,CNRM-CM6-1-HR,data/KEN/storm/STORM_FIXED_RETURN_PERIODS_CNRM-CM6-1-HR_10000_YR_RP__KEN.tif
cyclone,2050,8.5,CNRM-CM6-1-HR,data/KEN/storm/STORM_FIXED_RETURN_PERIODS_CNRM-CM6-1-HR_1000_YR_RP__KEN.tif
cyclone,2050,8.5,CNRM-CM6-1-HR,data/KEN/storm/STORM_FIXED_RETURN_PERIODS_CNRM-CM6-1-HR_100_YR_RP__KEN.tif
cyclone,2050,8.5,CNRM-CM6-1-HR,data/KEN/storm/STORM_FIXED_RETURN_PERIODS_CNRM-CM6-1-HR_10_YR_RP__KEN.tif
cyclone,2050,8.5,CNRM-CM6-1-HR,data/KEN/storm/STORM_FIXED_RETURN_PERIODS_CNRM-CM6-1-HR_2000_YR_RP__KEN.tif
cyclone,2050,8.5,CNRM-CM6-1-HR,data/KEN/storm/STORM_FIXED_RETURN_PERIODS_CNRM-CM6-1-HR_200_YR_RP__KEN.tif
cyclone,2050,8.5,CNRM-CM6-1-HR,data/KEN/storm/STORM_FIXED_RETURN_PERIODS_CNRM-CM6-1-HR_20_YR_RP__KEN.tif
cyclone,2050,8.5,CNRM-CM6-1-HR,data/KEN/storm/STORM_FIXED_RETURN_PERIODS_CNRM-CM6-1-HR_3000_YR_RP__KEN.tif
cyclone,2050,8.5,CNRM-CM6-1-HR,data/KEN/storm/STORM_FIXED_RETURN_PERIODS_CNRM-CM6-1-HR_300_YR_RP__KEN.tif
cyclone,2050,8.5,CNRM-CM6-1-HR,data/KEN/storm/STORM_FIXED_RETURN_PERIODS_CNRM-CM6-1-HR_30_YR_RP__KEN.tif
cyclone,2050,8.5,CNRM-CM6-1-HR,data/KEN/storm/STORM_FIXED_RETURN_PERIODS_CNRM-CM6-1-HR_4000_YR_RP__KEN.tif
cyclone,2050,8.5,CNRM-CM6-1-HR,data/KEN/storm/STORM_FIXED_RETURN_PERIODS_CNRM-CM6-1-HR_400_YR_RP__KEN.tif
cyclone,2050,8.5,CNRM-CM6-1-HR,data/KEN/storm/STORM_FIXED_RETURN_PERIODS_CNRM-CM6-1-HR_40_YR_RP__KEN.tif
cyclone,2050,8.5,CNRM-CM6-1-HR,data/KEN/storm/STORM_FIXED_RETURN_PERIODS_CNRM-CM6-1-HR_5000_YR_RP__KEN.tif
cyclone,2050,8.5,CNRM-CM6-1-HR,data/KEN/storm/STORM_FIXED_RETURN_PERIODS_CNRM-CM6-1-HR_500_YR_RP__KEN.tif
cyclone,2050,8.5,CNRM-CM6-1-HR,data/KEN/storm/STORM_FIXED_RETURN_PERIODS_CNRM-CM6-1-HR_50_YR_RP__KEN.tif
cyclone,2050,8.5,CNRM-CM6-1-HR,data/KEN/storm/STORM_FIXED_RETURN_PERIODS_CNRM-CM6-1-HR_6000_YR_RP__KEN.tif
cyclone,2050,8.5,CNRM-CM6-1-HR,data/KEN/storm/STORM_FIXED_RETURN_PERIODS_CNRM-CM6-1-HR_600_YR_RP__KEN.tif
cyclone,2050,8.5,CNRM-CM6-1-HR,data/KEN/storm/STORM_FIXED_RETURN_PERIODS_CNRM-CM6-1-HR_60_YR_RP__KEN.tif
cyclone,2050,8.5,CNRM-CM6-1-HR,data/KEN/storm/STORM_FIXED_RETURN_PERIODS_CNRM-CM6-1-HR_7000_YR_RP__KEN.tif
cyclone,2050,8.5,CNRM-CM6-1-HR,data/KEN/storm/STORM_FIXED_RETURN_PERIODS_CNRM-CM6-1-HR_700_YR_RP__KEN.tif
cyclone,2050,8.5,CNRM-CM6-1-HR,data/KEN/storm/STORM_FIXED_RETURN_PERIODS_CNRM-CM6-1-HR_70_YR_RP__KEN.tif
cyclone,2050,8.5,CNRM-CM6-1-HR,data/KEN/storm/STORM_FIXED_RETURN_PERIODS_CNRM-CM6-1-HR_8000_YR_RP__KEN.tif
cyclone,2050,8.5,CNRM-CM6-1-HR,data/KEN/storm/STORM_FIXED_RETURN_PERIODS_CNRM-CM6-1-HR_800_YR_RP__KEN.tif
cyclone,2050,8.5,CNRM-CM6-1-HR,data/KEN/storm/STORM_FIXED_RETURN_PERIODS_CNRM-CM6-1-HR_80_YR_RP__KEN.tif
cyclone,2050,8.5,CNRM-CM6-1-HR,data/KEN/storm/STORM_FIXED_RETURN_PERIODS_CNRM-CM6-1-HR_9000_YR_RP__KEN.tif
cyclone,2050,8.5,CNRM-CM6-1-HR,data/KEN/storm/STORM_FIXED_RETURN_PERIODS_CNRM-CM6-1-HR_900_YR_RP__KEN.tif
cyclone,2050,8.5,CNRM-CM6-1-HR,data/KEN/storm/STORM_FIXED_RETURN_PERIODS_CNRM-CM6-1-HR_90_YR_RP__KEN.tif
cyclone,2050,8.5,EC-Earth3P-HR,data/KEN/storm/STORM_FIXED_RETURN_PERIODS_EC-Earth3P-HR_10000_YR_RP__KEN.tif
cyclone,2050,8.5,EC-Earth3P-HR,data/KEN/storm/STORM_FIXED_RETURN_PERIODS_EC-Earth3P-HR_1000_YR_RP__KEN.tif
cyclone,2050,8.5,EC-Earth3P-HR,data/KEN/storm/STORM_FIXED_RETURN_PERIODS_EC-Earth3P-HR_100_YR_RP__KEN.tif
cyclone,2050,8.5,EC-Earth3P-HR,data/KEN/storm/STORM_FIXED_RETURN_PERIODS_EC-Earth3P-HR_10_YR_RP__KEN.tif
cyclone,2050,8.5,EC-Earth3P-HR,data/KEN/storm/STORM_FIXED_RETURN_PERIODS_EC-Earth3P-HR_2000_YR_RP__KEN.tif
cyclone,2050,8.5,EC-Earth3P-HR,data/KEN/storm/STORM_FIXED_RETURN_PERIODS_EC-Earth3P-HR_200_YR_RP__KEN.tif
cyclone,2050,8.5,EC-Earth3P-HR,data/KEN/storm/STORM_FIXED_RETURN_PERIODS_EC-Earth3P-HR_20_YR_RP__KEN.tif
cyclone,2050,8.5,EC-Earth3P-HR,data/KEN/storm/STORM_FIXED_RETURN_PERIODS_EC-Earth3P-HR_3000_YR_RP__KEN.tif
cyclone,2050,8.5,EC-Earth3P-HR,data/KEN/storm/STORM_FIXED_RETURN_PERIODS_EC-Earth3P-HR_300_YR_RP__KEN.tif
cyclone,2050,8.5,EC-Earth3P-HR,data/KEN/storm/STORM_FIXED_RETURN_PERIODS_EC-Earth3P-HR_30_YR_RP__KEN.tif
cyclone,2050,8.5,EC-Earth3P-HR,data/KEN/storm/STORM_FIXED_RETURN_PERIODS_EC-Earth3P-HR_4000_YR_RP__KEN.tif
cyclone,2050,8.5,EC-Earth3P-HR,data/KEN/storm/STORM_FIXED_RETURN_PERIODS_EC-Earth3P-HR_400_YR_RP__KEN.tif
cyclone,2050,8.5,EC-Earth3P-HR,data/KEN/storm/STORM_FIXED_RETURN_PERIODS_EC-Earth3P-HR_40_YR_RP__KEN.tif
cyclone,2050,8.5,EC-Earth3P-HR,data/KEN/storm/STORM_FIXED_RETURN_PERIODS_EC-Earth3P-HR_5000_YR_RP__KEN.tif
cyclone,2050,8.5,EC-Earth3P-HR,data/KEN/storm/STORM_FIXED_RETURN_PERIODS_EC-Earth3P-HR_500_YR_RP__KEN.tif
cyclone,2050,8.5,EC-Earth3P-HR,data/KEN/storm/STORM_FIXED_RETURN_PERIODS_EC-Earth3P-HR_50_YR_RP__KEN.tif
cyclone,2050,8.5,EC-Earth3P-HR,data/KEN/storm/STORM_FIXED_RETURN_PERIODS_EC-Earth3P-HR_6000_YR_RP__KEN.tif
cyclone,2050,8.5,EC-Earth3P-HR,data/KEN/storm/STORM_FIXED_RETURN_PERIODS_EC-Earth3P-HR_600_YR_RP__KEN.tif
cyclone,2050,8.5,EC-Earth3P-HR,data/KEN/storm/STORM_FIXED_RETURN_PERIODS_EC-Earth3P-HR_60_YR_RP__KEN.tif
cyclone,2050,8.5,EC-Earth3P-HR,data/KEN/storm/STORM_FIXED_RETURN_PERIODS_EC-Earth3P-HR_7000_YR_RP__KEN.tif
cyclone,2050,8.5,EC-Earth3P-HR,data/KEN/storm/STORM_FIXED_RETURN_PERIODS_EC-Earth3P-HR_700_YR_RP__KEN.tif
cyclone,2050,8.5,EC-Earth3P-HR,data/KEN/storm/STORM_FIXED_RETURN_PERIODS_EC-Earth3P-HR_70_YR_RP__KEN.tif
cyclone,2050,8.5,EC-Earth3P-HR,data/KEN/storm/STORM_FIXED_RETURN_PERIODS_EC-Earth3P-HR_8000_YR_RP__KEN.tif
cyclone,2050,8.5,EC-Earth3P-HR,data/KEN/storm/STORM_FIXED_RETURN_PERIODS_EC-Earth3P-HR_800_YR_RP__KEN.tif
cyclone,2050,8.5,EC-Earth3P-HR,data/KEN/storm/STORM_FIXED_RETURN_PERIODS_EC-Earth3P-HR_80_YR_RP__KEN.tif
cyclone,2050,8.5,EC-Earth3P-HR,data/KEN/storm/STORM_FIXED_RETURN_PERIODS_EC-Earth3P-HR_9000_YR_RP__KEN.tif
cyclone,2050,8.5,EC-Earth3P-HR,data/KEN/storm/STORM_FIXED_RETURN_PERIODS_EC-Earth3P-HR_900_YR_RP__KEN.tif
cyclone,2050,8.5,EC-Earth3P-HR,data/KEN/storm/STORM_FIXED_RETURN_PERIODS_EC-Earth3P-HR_90_YR_RP__KEN.tif
cyclone,2050,8.5,HadGEM3-GC31-HM,data/KEN/storm/STORM_FIXED_RETURN_PERIODS_HadGEM3-GC31-HM_10000_YR_RP__KEN.tif
cyclone,2050,8.5,HadGEM3-GC31-HM,data/KEN/storm/STORM_FIXED_RETURN_PERIODS_HadGEM3-GC31-HM_1000_YR_RP__KEN.tif
cyclone,2050,8.5,HadGEM3-GC31-HM,data/KEN/storm/STORM_FIXED_RETURN_PERIODS_HadGEM3-GC31-HM_100_YR_RP__KEN.tif
cyclone,2050,8.5,HadGEM3-GC31-HM,data/KEN/storm/STORM_FIXED_RETURN_PERIODS_HadGEM3-GC31-HM_10_YR_RP__KEN.tif
cyclone,2050,8.5,HadGEM3-GC31-HM,data/KEN/storm/STORM_FIXED_RETURN_PERIODS_HadGEM3-GC31-HM_2000_YR_RP__KEN.tif
cyclone,2050,8.5,HadGEM3-GC31-HM,data/KEN/storm/STORM_FIXED_RETURN_PERIODS_HadGEM3-GC31-HM_200_YR_RP__KEN.tif
cyclone,2050,8.5,HadGEM3-GC31-HM,data/KEN/storm/STORM_FIXED_RETURN_PERIODS_HadGEM3-GC31-HM_20_YR_RP__KEN.tif
cyclone,2050,8.5,HadGEM3-GC31-HM,data/KEN/storm/STORM_FIXED_RETURN_PERIODS_HadGEM3-GC31-HM_3000_YR_RP__KEN.tif
cyclone,2050,8.5,HadGEM3-GC31-HM,data/KEN/storm/STORM_FIXED_RETURN_PERIODS_HadGEM3-GC31-HM_300_YR_RP__KEN.tif
cyclone,2050,8.5,HadGEM3-GC31-HM,data/KEN/storm/STORM_FIXED_RETURN_PERIODS_HadGEM3-GC31-HM_30_YR_RP__KEN.tif
cyclone,2050,8.5,HadGEM3-GC31-HM,data/KEN/storm/STORM_FIXED_RETURN_PERIODS_HadGEM3-GC31-HM_4000_YR_RP__KEN.tif
cyclone,2050,8.5,HadGEM3-GC31-HM,data/KEN/storm/STORM_FIXED_RETURN_PERIODS_HadGEM3-GC31-HM_400_YR_RP__KEN.tif
cyclone,2050,8.5,HadGEM3-GC31-HM,data/KEN/storm/STORM_FIXED_RETURN_PERIODS_HadGEM3-GC31-HM_40_YR_RP__KEN.tif
cyclone,2050,8.5,HadGEM3-GC31-HM,data/KEN/storm/STORM_FIXED_RETURN_PERIODS_HadGEM3-GC31-HM_5000_YR_RP__KEN.tif
cyclone,2050,8.5,HadGEM3-GC31-HM,data/KEN/storm/STORM_FIXED_RETURN_PERIODS_HadGEM3-GC31-HM_500_YR_RP__KEN.tif
cyclone,2050,8.5,HadGEM3-GC31-HM,data/KEN/storm/STORM_FIXED_RETURN_PERIODS_HadGEM3-GC31-HM_50_YR_RP__KEN.tif
cyclone,2050,8.5,HadGEM3-GC31-HM,data/KEN/storm/STORM_FIXED_RETURN_PERIODS_HadGEM3-GC31-HM_6000_YR_RP__KEN.tif
cyclone,2050,8.5,HadGEM3-GC31-HM,data/KEN/storm/STORM_FIXED_RETURN_PERIODS_HadGEM3-GC31-HM_600_YR_RP__KEN.tif
cyclone,2050,8.5,HadGEM3-GC31-HM,data/KEN/storm/STORM_FIXED_RETURN_PERIODS_HadGEM3-GC31-HM_60_YR_RP__KEN.tif
cyclone,2050,8.5,HadGEM3-GC31-HM,data/KEN/storm/STORM_FIXED_RETURN_PERIODS_HadGEM3-GC31-HM_7000_YR_RP__KEN.tif
cyclone,2050,8.5,HadGEM3-GC31-HM,data/KEN/storm/STORM_FIXED_RETURN_PERIODS_HadGEM3-GC31-HM_700_YR_RP__KEN.tif
cyclone,2050,8.5,HadGEM3-GC31-HM,data/KEN/storm/STORM_FIXED_RETURN_PERIODS_HadGEM3-GC31-HM_70_YR_RP__KEN.tif
cyclone,2050,8.5,HadGEM3-GC31-HM,data/KEN/storm/STORM_FIXED_RETURN_PERIODS_HadGEM3-GC31-HM_8000_YR_RP__KEN.tif
cyclone,2050,8.5,HadGEM3-GC31-HM,data/KEN/storm/STORM_FIXED_RETURN_PERIODS_HadGEM3-GC31-HM_800_YR_RP__KEN.tif
cyclone,2050,8.5,HadGEM3-GC31-HM,data/KEN/storm/STORM_FIXED_RETURN_PERIODS_HadGEM3-GC31-HM_80_YR_RP__KEN.tif
cyclone,2050,8.5,HadGEM3-GC31-HM,data/KEN/storm/STORM_FIXED_RETURN_PERIODS_HadGEM3-GC31-HM_9000_YR_RP__KEN.tif
cyclone,2050,8.5,HadGEM3-GC31-HM,data/KEN/storm/STORM_FIXED_RETURN_PERIODS_HadGEM3-GC31-HM_900_YR_RP__KEN.tif
cyclone,2050,8.5,HadGEM3-GC31-HM,data/KEN/storm/STORM_FIXED_RETURN_PERIODS_HadGEM3-GC31-HM_90_YR_RP__KEN.tif
