governorate_id,gender,sector,education_level,schools,classes,students,teachers,avg_class_size,avg_students_per_teacher
1,Boys,Government,Primary,79,1279,32371,2160,25.3,15.0
1,Boys,Government,Intermediate,50,556,15567,1304,28.0,11.9
1,Boys,Government,Secondary,32,349,12941,1077,37.1,12.0
2,Boys,Government,Primary,187,2216,50621,4230,22.8,12.0
2,Boys,Government,Intermediate,106,950,24302,2262,25.6,10.7
2,Boys,Government,Secondary,85,788,21349,2083,27.1,10.2
3,Boys,Government,Primary,96,1042,22024,1902,21.1,11.6
3,Boys,Government,Intermediate,58,394,10142,990,25.7,10.2
3,Boys,Government,Secondary,40,233,6565,815,28.2,8.1
4,Boys,Government,Primary,20,386,10206,718,26.4,14.2
4,Boys,Government,Intermediate,9,139,3753,268,27.0,14.0
4,Boys,Government,Secondary,7,106,3233,236,30.5,13.7
5,Boys,Government,Primary,67,924,21283,1606,23.0,13.3
5,Boys,Government,Intermediate,42,398,10131,1059,25.5,9.6
5,Boys,Government,Secondary,36,317,9547,1027,30.1,9.3
6,Boys,Government,Primary,34,464,11288,750,24.3,15.1
6,Boys,Government,Intermediate,20,198,5696,455,28.8,12.5
6,Boys,Government,Secondary,15,144,4728,406,32.8,11.6
7,Boys,Government,Primary,16,164,3541,268,21.6,13.2
7,Boys,Government,Intermediate,12,82,1937,189,23.6,10.2
7,Boys,Government,Secondary,7,53,1082,132,20.4,8.2
8,Boys,Government,Primary,6,82,2012,140,24.5,14.4
8,Boys,Government,Intermediate,4,38,1038,90,27.3,11.5
8,Boys,Government,Secondary,3,19,800,77,42.1,10.4
9,Boys,Government,Primary,14,136,2632,225,19.4,11.7
9,Boys,Government,Intermediate,9,58,1180,135,20.3,8.7
9,Boys,Government,Secondary,5,41,986,135,24.0,7.3
10,Boys,Government,Primary,23,194,2551,248,13.1,10.3
10,Boys,Government,Intermediate,14,69,1266,144,18.3,8.8
10,Boys,Government,Secondary,7,50,1560,141,31.2,11.1
11,Boys,Government,Primary,19,123,1237,154,10.1,8.0
11,Boys,Government,Intermediate,11,38,772,85,20.3,9.1
11,Boys,Government,Secondary,7,30,901,80,30.0,11.3
12,Boys,Government,Primary,5,41,741,68,18.1,10.9
12,Boys,Government,Intermediate,4,16,342,47,21.4,7.3
12,Boys,Government,Secondary,3,12,239,37,19.9,6.5
1,Boys,Private,Primary,59,914,16384,1602,17.9,10.2
1,Boys,Private,Intermediate,48,393,6512,657,16.6,9.9
1,Boys,Private,Secondary,37,301,6148,675,20.4,9.1
2,Boys,Private,Primary,17,188,3473,352,18.5,9.9
2,Boys,Private,Intermediate,16,102,1869,246,18.3,7.6
2,Boys,Private,Secondary,13,153,3494,327,22.8,10.7
3,Boys,Private,Primary,15,211,4145,378,19.6,11.0
3,Boys,Private,Intermediate,11,53,1169,105,22.1,11.1
3,Boys,Private,Secondary,11,157,4003,297,25.5,13.5
4,Boys,Private,Primary,7,107,1860,207,17.4,9.0
4,Boys,Private,Intermediate,6,68,1098,145,16.1,7.6
4,Boys,Private,Secondary,5,41,956,85,23.3,11.2
5,Boys,Private,Primary,6,89,1779,164,20.0,10.8
5,Boys,Private,Intermediate,6,41,774,95,18.9,8.1
5,Boys,Private,Secondary,5,59,1336,134,22.6,10.0
6,Boys,Private,Primary,21,253,4777,500,18.9,9.6
6,Boys,Private,Intermediate,20,137,2140,258,15.6,8.3
6,Boys,Private,Secondary,16,128,2844,280,22.2,10.2
7,Boys,Private,Primary,3,47,938,68,20.0,13.8
7,Boys,Private,Intermediate,3,19,314,36,16.5,8.7
7,Boys,Private,Secondary,3,42,961,76,22.9,12.6
8,Boys,Private,Primary,1,11,156,13,14.2,12.0
8,Boys,Private,Intermediate,1,4,65,12,16.3,5.4
8,Boys,Private,Secondary,1,11,237,20,21.5,11.9
9,Boys,Private,Primary,1,8,103,10,12.9,10.3
9,Boys,Private,Intermediate,1,4,33,4,8.3,8.3
9,Boys,Private,Secondary,1,10,260,20,26.0,13.0
10,Boys,Private,Primary,1,17,293,22,17.2,13.3
10,Boys,Private,Intermediate,1,4,77,6,19.3,12.8
10,Boys,Private,Secondary,1,6,144,11,24.0,13.1
1,Girls,Government,Primary,83,1257,36740,2346,29.2,15.7
1,Girls,Government,Intermediate,48,525,17109,1454,32.6,11.8
1,Girls,Government,Secondary,43,404,16008,1644,39.6,9.7
2,Girls,Government,Primary,175,2014,48272,3491,24.0,13.8
2,Girls,Government,Intermediate,101,854,23961,2307,28.1,10.4
2,Girls,Government,Secondary,81,811,22764,2435,28.1,9.3
3,Girls,Government,Primary,111,1130,23662,2299,20.9,10.3
3,Girls,Government,Intermediate,56,385,10029,1054,26.0,9.5
3,Girls,Government,Secondary,41,272,6558,904,24.1,7.3
4,Girls,Government,Primary,20,381,11680,762,30.7,15.3
4,Girls,Government,Intermediate,10,134,4821,414,36.0,11.6
4,Girls,Government,Secondary,8,113,4477,424,39.6,10.6
5,Girls,Government,Primary,58,806,21823,1940,27.1,11.2
5,Girls,Government,Intermediate,42,371,9983,1263,26.9,7.9
5,Girls,Government,Secondary,36,325,10491,1552,32.3,6.8
6,Girls,Government,Primary,30,463,12928,974,27.9,13.3
6,Girls,Government,Intermediate,18,204,6540,654,32.1,10.0
6,Girls,Government,Secondary,15,170,5993,578,35.3,10.4
7,Girls,Government,Primary,19,172,4070,364,23.7,11.2
7,Girls,Government,Intermediate,11,71,1966,215,27.7,9.1
7,Girls,Government,Secondary,8,65,1941,204,29.9,9.5
8,Girls,Government,Primary,6,84,2279,166,27.1,13.7
8,Girls,Government,Intermediate,4,32,941,94,29.4,10.0
8,Girls,Government,Secondary,4,26,906,97,34.8,9.3
9,Girls,Government,Primary,16,145,2585,237,17.8,10.9
9,Girls,Government,Intermediate,11,57,1183,147,20.8,8.0
9,Girls,Government,Secondary,8,36,1108,167,30.8,6.6
10,Girls,Government,Primary,23,175,2711,350,15.5,7.7
10,Girls,Government,Intermediate,13,51,1247,183,24.5,6.8
10,Girls,Government,Secondary,8,46,1137,185,24.7,6.1
11,Girls,Government,Primary,19,113,1176,258,10.4,4.6
11,Girls,Government,Intermediate,10,34,581,140,17.1,4.2
11,Girls,Government,Secondary,7,32,586,165,18.3,3.6
12,Girls,Government,Primary,4,39,826,86,21.2,9.6
12,Girls,Government,Intermediate,2,8,165,21,20.6,7.9
12,Girls,Government,Secondary,2,9,159,35,17.7,4.5
1,Girls,Private,Primary,47,541,9293,951,17.2,9.8
1,Girls,Private,Intermediate,27,129,2077,246,16.1,8.4
1,Girls,Private,Secondary,14,58,1456,186,25.1,7.8
2,Girls,Private,Primary,23,184,2820,398,15.3,7.1
2,Girls,Private,Intermediate,18,56,909,151,16.2,6.0
2,Girls,Private,Secondary,15,116,2385,300,20.6,8.0
3,Girls,Private,Primary,10,89,1546,172,17.4,9.0
3,Girls,Private,Intermediate,9,34,585,80,17.2,7.3
3,Girls,Private,Secondary,10,96,2521,178,26.3,14.2
4,Girls,Private,Primary,9,75,1123,117,15.0,9.6
4,Girls,Private,Intermediate,8,23,283,47,12.3,6.0
4,Girls,Private,Secondary,5,26,379,65,14.6,5.8
5,Girls,Private,Primary,1,23,354,41,15.4,8.6
5,Girls,Private,Intermediate,0,0,0,0,0.0,0.0
5,Girls,Private,Secondary,0,0,0,0,0.0,0.0
6,Girls,Private,Primary,48,620,8227,744,13.3,11.1
6,Girls,Private,Intermediate,29,144,2300,288,16.0,8.0
6,Girls,Private,Secondary,24,109,1702,310,15.6,5.5
7,Girls,Private,Primary,1,14,244,26,17.4,9.4
7,Girls,Private,Intermediate,1,4,83,9,20.8,9.2
7,Girls,Private,Secondary,0,0,0,0,0.0,0.0
9,Girls,Private,Primary,1,1,10,4,10.0,2.5
9,Girls,Private,Intermediate,0,0,0,0,0.0,0.0
9,Girls,Private,Secondary,0,0,0,0,0.0,0.0
10,Girls,Private,Primary,2,22,347,18,15.8,19.3
10,Girls,Private,Intermediate,1,3,33,8,11.0,4.1
10,Girls,Private,Secondary,1,3,15,2,5.0,7.5
